,0
AAAAAAA,7
AAAAAAG,1
AAAAAAT,1
AAAAACA,1
AAAAAGA,1
AAAAATA,1
AAAAATC,1
AAAAATT,1
AAAACAA,1
AAAACAG,1
AAAAGAG,1
AAAAGAT,1
AAAAGGA,1
AAAAGTA,1
AAAAGTC,1
AAAATAA,1
AAAATCT,3
AAAATTA,1
AAAATTT,1
AAACAAA,2
AAACAGA,1
AAACCAG,1
AAACCCC,1
AAACCCT,1
AAACCGC,1
AAACGCC,2
AAACGGG,1
AAAGAAG,1
AAAGAAT,1
AAAGAGA,2
AAAGATA,1
AAAGATC,1
AAAGATT,1
AAAGGAA,8
AAAGGGC,1
AAAGTAT,1
AAAGTCC,1
AAAGTCT,1
AAATAAA,2
AAATCAG,1
AAATCTA,1
AAATCTC,2
AAATCTG,1
AAATGAA,1
AAATTAC,1
AAATTAT,1
AAATTTT,1
AACAAAA,1
AACAAAG,4
AACAGAG,1
AACAGCA,1
AACAGCT,1
AACCAGC,1
AACCAGG,1
AACCATG,2
AACCCCA,1
AACCCTA,1
AACCGCC,1
AACGAGC,1
AACGCAG,1
AACGCCA,1
AACGCCC,1
AACGCCT,1
AACGGCG,2
AACGGGA,2
AACTAAC,5
AACTAAG,4
AACTCCC,2
AACTGGA,6
AACTGTT,1
AACTTCA,1
AACTTGG,1
AAGAAAA,1
AAGAAAC,1
AAGAACT,1
AAGAAGG,1
AAGAAGT,2
AAGAATC,1
AAGAATT,1
AAGACAA,1
AAGACCC,1
AAGACCT,1
AAGACTC,2
AAGAGAA,6
AAGAGAT,2
AAGAGCC,3
AAGAGCG,1
AAGAGGA,2
AAGATAA,1
AAGATCA,1
AAGATCC,1
AAGATTA,1
AAGCAGC,1
AAGCAGG,3
AAGCCTC,1
AAGCGGC,2
AAGCGTC,4
AAGCTCC,5
AAGGAAG,7
AAGGAAT,1
AAGGATT,1
AAGGCAC,1
AAGGCCA,1
AAGGCCT,1
AAGGCGA,1
AAGGCTC,1
AAGGCTG,1
AAGGCTT,1
AAGGGCT,1
AAGGGGA,1
AAGGGGC,1
AAGGTCA,1
AAGGTTC,1
AAGTAAA,1
AAGTATT,1
AAGTCAT,1
AAGTCCT,1
AAGTCTT,1
AAGTGCT,1
AAGTGGT,1
AAGTTCA,1
AATAAAA,2
AATAAGC,1
AATAGGG,2
AATATGG,1
AATATTG,1
AATCAGT,1
AATCATT,1
AATCCAT,1
AATCCCT,1
AATCCTT,1
AATCTAA,1
AATCTCC,1
AATCTCT,1
AATCTGA,1
AATCTGC,1
AATGAAG,2
AATGCAG,1
AATGCTG,1
AATGGGA,1
AATTACG,1
AATTATG,1
AATTCAA,1
AATTCTG,2
AATTGAC,1
AATTGGC,1
AATTGGG,1
AATTTGT,1
AATTTTT,1
ACAAAAA,2
ACAAAGA,2
ACAAAGG,3
ACAAATA,1
ACAAGGT,1
ACAAGTT,1
ACAATGC,1
ACAATTT,1
ACACACC,2
ACACAGC,1
ACACCAG,1
ACACCAT,2
ACAGAAC,2
ACAGAAG,1
ACAGACA,1
ACAGACT,1
ACAGAGA,1
ACAGAGC,1
ACAGCAC,1
ACAGCAG,1
ACAGCCC,1
ACAGCCT,1
ACAGCTG,1
ACAGGCC,1
ACAGGGC,1
ACATGGC,1
ACATTAT,1
ACATTCT,1
ACCAAAC,2
ACCACAG,1
ACCACCA,1
ACCACTG,1
ACCAGAA,1
ACCAGAG,1
ACCAGCC,2
ACCAGGA,1
ACCAGGC,1
ACCAGGG,2
ACCCAAG,1
ACCCCAG,2
ACCCCCA,1
ACCCCGG,1
ACCCGCC,2
ACCCGGG,1
ACCCTAC,1
ACCCTAG,1
ACCCTCT,1
ACCCTTA,1
ACCGACC,1
ACCGCCC,4
ACCGCCT,3
ACCGCTG,1
ACCGTCC,1
ACCTAAC,2
ACCTAGG,1
ACCTCAC,2
ACCTCAG,1
ACCTCAT,1
ACCTCCG,1
ACCTCGG,1
ACCTCTC,1
ACCTCTG,1
ACCTGGC,1
ACCTGTA,1
ACCTGTG,1
ACGAAAA,1
ACGAATA,1
ACGACGG,2
ACGAGCA,1
ACGAGGT,1
ACGCACC,1
ACGCAGA,1
ACGCAGT,1
ACGCATC,2
ACGCCAC,1
ACGCCCA,1
ACGCCCT,1
ACGCCGC,1
ACGCCTC,3
ACGCCTG,1
ACGCTCA,1
ACGCTCT,1
ACGCTGG,1
ACGGAAG,1
ACGGACA,2
ACGGACT,1
ACGGAGC,7
ACGGCCC,2
ACGGCCG,2
ACGGCGA,1
ACGGCGG,1
ACGGGAA,6
ACGGGAT,1
ACGGTGG,2
ACGTCAC,1
ACGTCAG,1
ACGTGAC,4
ACGTTGG,1
ACGTTTT,1
ACTAACT,5
ACTAAGA,3
ACTCAAT,1
ACTCACT,1
ACTCAGG,1
ACTCCAG,2
ACTCCCA,2
ACTCCCC,4
ACTCCCT,3
ACTCCGC,1
ACTCGCA,1
ACTGAGC,1
ACTGCAC,1
ACTGCCT,1
ACTGCTG,1
ACTGGAA,1
ACTGGAG,5
ACTGGCC,1
ACTGGTA,1
ACTGTTA,1
ACTGTTG,1
ACTTCAA,1
ACTTCAG,1
ACTTCCA,1
ACTTCCC,1
ACTTGGT,1
ACTTTCC,5
ACTTTTC,1
AGAAAAG,1
AGAAACC,1
AGAAAGT,2
AGAAATG,4
AGAACCA,1
AGAACTC,2
AGAACTG,1
AGAAGAC,1
AGAAGCA,1
AGAAGGC,1
AGAAGGG,1
AGAAGTC,1
AGAAGTG,1
AGAATAA,1
AGAATAG,1
AGAATCC,2
AGAATTG,1
AGACAAG,1
AGACAGC,1
AGACATG,1
AGACCAG,2
AGACCCT,1
AGACCGC,1
AGACCTC,1
AGACCTG,1
AGACGCC,1
AGACGCT,1
AGACGGA,1
AGACTCC,3
AGACTGG,1
AGAGAAA,4
AGAGAAC,1
AGAGAAT,2
AGAGACG,1
AGAGAGG,2
AGAGAGT,1
AGAGATC,1
AGAGATG,1
AGAGCAA,2
AGAGCAG,2
AGAGCCG,1
AGAGCCT,6
AGAGCGC,1
AGAGGAA,1
AGAGGAT,2
AGAGGGA,2
AGAGTAT,1
AGAGTGC,1
AGAGTTA,1
AGATAAG,2
AGATAGA,1
AGATAGC,1
AGATCAA,1
AGATCAC,1
AGATCCA,3
AGATCCT,1
AGATCTA,3
AGATCTC,1
AGATGAA,3
AGATTAT,1
AGATTCC,1
AGATTCT,1
AGCAACA,1
AGCAACG,1
AGCAACT,1
AGCAAGA,2
AGCACCA,2
AGCACCT,2
AGCACGC,1
AGCACGG,5
AGCAGAA,1
AGCAGAG,1
AGCAGCA,1
AGCAGCC,1
AGCAGCG,1
AGCAGGA,3
AGCAGGG,1
AGCAGGT,1
AGCATCC,1
AGCCAAC,4
AGCCACA,1
AGCCAGG,1
AGCCAGT,2
AGCCCAC,1
AGCCCAG,1
AGCCCCC,2
AGCCCCG,1
AGCCCGC,1
AGCCCTG,1
AGCCGAG,2
AGCCGCG,1
AGCCGGC,1
AGCCGGG,1
AGCCGGT,5
AGCCTAA,1
AGCCTCA,1
AGCCTCC,1
AGCCTGA,3
AGCCTGC,3
AGCCTGG,1
AGCCTGT,1
AGCGAAC,1
AGCGAGA,1
AGCGAGC,2
AGCGAGG,1
AGCGCCA,2
AGCGCCT,1
AGCGCGG,2
AGCGCTG,5
AGCGGCG,2
AGCGGTT,2
AGCGTCA,4
AGCGTGG,1
AGCGTGT,1
AGCTACT,1
AGCTCCC,5
AGCTCGG,1
AGCTCTG,4
AGCTGAG,1
AGCTGCA,6
AGCTGCC,4
AGCTGGA,1
AGCTGGC,3
AGCTGTG,1
AGCTTCA,1
AGGAAGA,9
AGGAATC,1
AGGAATG,1
AGGAATT,1
AGGACCC,3
AGGACGC,3
AGGAGAT,4
AGGAGGC,1
AGGAGTC,1
AGGAGTT,1
AGGATGG,1
AGGATTC,1
AGGCACA,1
AGGCAGA,1
AGGCAGC,1
AGGCATC,1
AGGCCAC,2
AGGCCAT,1
AGGCCCA,5
AGGCCGC,3
AGGCCGG,1
AGGCCTC,1
AGGCCTG,1
AGGCCTT,1
AGGCGAG,11
AGGCGTG,1
AGGCTCA,1
AGGCTCC,1
AGGCTGA,1
AGGCTGC,1
AGGCTGG,1
AGGCTTA,1
AGGCTTC,1
AGGGAAA,1
AGGGAAC,1
AGGGAAT,1
AGGGACA,1
AGGGACC,1
AGGGACG,1
AGGGAGC,1
AGGGAGG,1
AGGGAGT,1
AGGGCAG,1
AGGGCCA,1
AGGGCCC,1
AGGGCCG,2
AGGGCCT,3
AGGGCGG,1
AGGGCTA,1
AGGGCTC,1
AGGGCTG,1
AGGGGAC,1
AGGGGCA,1
AGGGGCC,1
AGGGGCG,1
AGGGTCA,1
AGGGTTA,1
AGGTCAC,1
AGGTCGG,1
AGGTGGA,1
AGGTGTA,1
AGGTTAC,2
AGGTTCT,1
AGTAAAC,1
AGTAAGG,1
AGTAGCC,4
AGTATCG,1
AGTATTT,1
AGTCATT,1
AGTCCCA,1
AGTCCCC,2
AGTCCGC,2
AGTCCTG,3
AGTCGCT,1
AGTCTCC,3
AGTCTTC,3
AGTGACG,1
AGTGACT,1
AGTGAGC,1
AGTGAGG,1
AGTGCCG,1
AGTGCGT,1
AGTGCTT,2
AGTGGTT,1
AGTGTCA,1
AGTGTGC,1
AGTGTTT,1
AGTTAAA,1
AGTTCAT,1
AGTTCCG,1
AGTTCGG,1
AGTTGAC,1
AGTTGGA,1
AGTTGTC,1
ATAAAAA,1
ATAAAAG,1
ATAAGCC,1
ATAAGGC,1
ATAAGTA,1
ATACAAA,1
ATACAAG,1
ATAGACC,1
ATAGCAC,1
ATAGCTT,1
ATAGGGA,1
ATAGGGT,1
ATATCGA,1
ATATGGA,1
ATATGTA,1
ATATGTG,1
ATATTGC,1
ATCAAAT,1
ATCAAGA,1
ATCAATA,2
ATCACCT,2
ATCAGCT,3
ATCAGTA,1
ATCATTA,1
ATCATTT,1
ATCCACG,1
ATCCAGA,3
ATCCATT,1
ATCCCGC,3
ATCCCTA,1
ATCCCTC,1
ATCCTAG,2
ATCCTGA,1
ATCCTGG,1
ATCCTTT,1
ATCGAGC,1
ATCGCTT,1
ATCGGCT,1
ATCTAAG,1
ATCTATG,3
ATCTCCA,3
ATCTCCT,1
ATCTCTG,1
ATCTGAC,1
ATCTGCG,1
ATCTGGC,1
ATGAAAA,1
ATGAACA,3
ATGAAGA,1
ATGAAGT,1
ATGAATC,1
ATGAGAG,1
ATGATCA,4
ATGCAGT,1
ATGCTGG,2
ATGGAGA,1
ATGGCCT,1
ATGGCGA,4
ATGGCTC,1
ATGGGAG,1
ATGTATA,1
ATGTCCT,4
ATGTGAA,1
ATGTGGG,1
ATTAAAA,1
ATTAACG,1
ATTACGT,1
ATTATGA,1
ATTATGT,1
ATTATTT,1
ATTCAAA,2
ATTCAAG,1
ATTCATA,1
ATTCCGC,1
ATTCCTC,1
ATTCGCT,1
ATTCTAG,1
ATTCTCT,1
ATTCTGA,1
ATTCTTG,1
ATTCTTT,1
ATTGACG,1
ATTGCAC,1
ATTGCAG,1
ATTGCCG,1
ATTGGCG,1
ATTGGGT,1
ATTGGTG,1
ATTGTGC,1
ATTTATC,1
ATTTATT,1
ATTTCCA,1
ATTTGGA,1
ATTTGTA,1
ATTTTGA,1
ATTTTTA,1
CAAAAAA,2
CAAAAAC,1
CAAAAAT,1
CAAACCC,1
CAAACCG,1
CAAACGC,1
CAAAGAT,2
CAAAGGA,3
CAAAGGG,1
CAAATAA,1
CAAATCA,1
CAAATCT,1
CAAATGA,1
CAAATTA,1
CAACAGC,1
CAACGCA,1
CAACGCC,1
CAACTAA,4
CAACTGT,1
CAAGAAA,1
CAAGAAC,1
CAAGAAG,1
CAAGACC,2
CAAGAGA,1
CAAGAGG,1
CAAGATC,1
CAAGGAT,1
CAAGGCC,1
CAAGGCG,1
CAAGGGG,1
CAAGGTA,1
CAAGTTC,1
CAATATG,1
CAATATT,1
CAATCTG,1
CAATGCA,1
CAATTCT,1
CAATTGA,1
CAATTTG,1
CACAATG,1
CACACAG,1
CACACCA,2
CACAGAA,1
CACAGAC,1
CACAGCA,1
CACAGCC,1
CACAGGC,1
CACAGGG,1
CACATTA,1
CACCACA,1
CACCACC,1
CACCACT,1
CACCAGC,1
CACCAGG,1
CACCATG,6
CACCCAA,1
CACCCCC,1
CACCCTA,1
CACCGAC,1
CACCGCC,6
CACCTAA,2
CACCTAG,1
CACCTCC,1
CACCTCT,1
CACGACG,2
CACGCCC,1
CACGCCG,1
CACGGAC,2
CACGGAG,5
CACGGCC,2
CACGTCA,1
CACGTGA,4
CACGTTT,1
CACTGAG,1
CACTGCA,1
CACTGGC,1
CACTGTT,1
CACTTCA,1
CACTTCC,2
CACTTTT,1
CAGAACT,2
CAGAAGA,1
CAGAAGC,1
CAGAAGG,1
CAGAATC,1
CAGACAG,1
CAGACCA,1
CAGACCG,1
CAGACCT,1
CAGACGG,1
CAGACTG,1
CAGAGAG,3
CAGAGCA,3
CAGAGCC,4
CAGATAG,1
CAGATCT,4
CAGATTC,1
CAGCAAC,1
CAGCAAG,1
CAGCACC,1
CAGCACG,1
CAGCAGC,1
CAGCCAC,1
CAGCCAG,3
CAGCCCA,1
CAGCCCC,1
CAGCCCG,1
CAGCCGG,6
CAGCCTA,1
CAGCCTG,1
CAGCGAG,1
CAGCGCC,3
CAGCGGT,2
CAGCTAC,1
CAGCTGA,1
CAGCTGC,4
CAGGAAG,1
CAGGACC,3
CAGGACG,3
CAGGAGA,4
CAGGAGG,1
CAGGAGT,2
CAGGCAG,1
CAGGCCA,1
CAGGCCC,5
CAGGCCG,3
CAGGCCT,1
CAGGCGA,7
CAGGCGT,1
CAGGGAA,1
CAGGGAC,1
CAGGGCC,4
CAGGGCT,2
CAGGGGC,1
CAGGGTC,1
CAGGTGG,1
CAGTAAG,1
CAGTCCC,2
CAGTCCG,2
CAGTCCT,2
CAGTCTT,2
CAGTGAC,1
CAGTGAG,1
CAGTGTT,1
CAGTTCC,1
CAGTTGT,1
CATACAA,1
CATATCG,1
CATCAAG,1
CATCACC,1
CATCCAC,1
CATCCTA,1
CATCCTG,1
CATCTCC,2
CATGAAA,1
CATGCTG,1
CATGGCC,1
CATGTCC,1
CATTAAC,1
CATTATG,1
CATTCAA,2
CATTCAT,1
CATTCCG,1
CATTCTT,1
CATTGTG,1
CATTTCC,1
CATTTGG,1
CCAAACC,1
CCAAACG,1
CCAACGC,1
CCAACTA,4
CCAAGAA,1
CCAAGAC,1
CCAAGAG,1
CCAAGCC,1
CCAAGGA,1
CCAAGGC,2
CCAAGGG,1
CCAATCT,1
CCACAAT,1
CCACAGG,2
CCACCAC,2
CCACCAT,4
CCACCCC,1
CCACCCT,1
CCACCGC,3
CCACGCC,1
CCACGGA,2
CCACGTT,1
CCACTGC,1
CCACTGG,1
CCACTGT,1
CCAGAAG,1
CCAGAAT,1
CCAGAGA,1
CCAGAGC,4
CCAGATA,1
CCAGATC,3
CCAGCCA,1
CCAGCCC,2
CCAGCTA,1
CCAGCTG,1
CCAGGAC,3
CCAGGAG,2
CCAGGCA,1
CCAGGCC,9
CCAGGCG,7
CCAGGGA,2
CCAGGGC,4
CCAGGGT,1
CCAGGTG,1
CCAGTCC,4
CCATCAC,1
CCATCCT,1
CCATGAA,1
CCATGCT,1
CCATTCC,1
CCATTGT,1
CCATTTC,1
CCCAAGA,2
CCCAAGG,1
CCCACCA,3
CCCACCC,1
CCCACCG,3
CCCACGG,2
CCCAGAA,1
CCCAGCC,1
CCCAGCT,1
CCCAGGA,4
CCCAGGC,12
CCCAGGG,4
CCCAGTC,2
CCCATCA,1
CCCATCC,1
CCCATTG,1
CCCCAAG,1
CCCCACC,3
CCCCAGA,1
CCCCAGC,1
CCCCAGG,12
CCCCAGT,2
CCCCATC,1
CCCCCAC,1
CCCCCAG,2
CCCCCGC,5
CCCCCGG,4
CCCCCGT,2
CCCCGCC,8
CCCCGCG,6
CCCCGGA,1
CCCCGGC,5
CCCCGGG,2
CCCCGTA,3
CCCCGTG,1
CCCCTCC,9
CCCCTCG,4
CCCCTCT,1
CCCCTGA,1
CCCCTGC,2
CCCGAAC,1
CCCGACG,1
CCCGAGC,1
CCCGCAG,2
CCCGCCA,1
CCCGCCC,12
CCCGCCG,4
CCCGCGA,1
CCCGCGC,1
CCCGCGG,3
CCCGCGT,3
CCCGCTG,3
CCCGGAG,2
CCCGGCC,9
CCCGGCG,7
CCCGGGC,2
CCCGGGT,2
CCCGGTA,5
CCCGTAC,2
CCCGTAG,1
CCCGTGC,1
CCCTAAG,1
CCCTACC,1
CCCTAGT,1
CCCTATC,1
CCCTCAG,1
CCCTCCC,5
CCCTCCT,4
CCCTCGA,3
CCCTCGG,4
CCCTCTA,2
CCCTCTC,2
CCCTCTG,1
CCCTGAC,1
CCCTGCA,1
CCCTGCG,2
CCCTGTC,1
CCCTTAC,1
CCCTTTC,1
CCCTTTT,1
CCGAACG,1
CCGACCA,1
CCGACCC,1
CCGACGC,1
CCGAGAT,3
CCGAGCC,3
CCGAGCT,1
CCGAGGG,1
CCGATTG,1
CCGCAGC,1
CCGCAGG,1
CCGCCAG,1
CCGCCAT,1
CCGCCCC,12
CCGCCCG,4
CCGCCCT,2
CCGCCGA,3
CCGCCGC,2
CCGCCGG,1
CCGCCTC,6
CCGCGAG,1
CCGCGAT,1
CCGCGCC,3
CCGCGCG,2
CCGCGCT,1
CCGCGGC,3
CCGCGGG,2
CCGCGGT,1
CCGCGTC,2
CCGCGTT,1
CCGCTGG,1
CCGCTTC,2
CCGGACG,2
CCGGAGC,2
CCGGAGG,2
CCGGCAC,2
CCGGCCA,1
CCGGCCC,7
CCGGCCG,1
CCGGCCT,1
CCGGCGA,5
CCGGCGC,3
CCGGCGG,3
CCGGGAG,1
CCGGGCA,1
CCGGGCC,7
CCGGGCG,2
CCGGGGC,1
CCGGGTC,3
CCGGGTG,1
CCGGTGT,5
CCGGTTG,5
CCGTACG,2
CCGTAGC,1
CCGTCCC,1
CCGTCCT,1
CCGTGAA,1
CCGTGCC,1
CCGTGCT,2
CCTAAAC,1
CCTAACC,2
CCTAAGG,1
CCTACCT,1
CCTAGCA,1
CCTAGGA,1
CCTAGGG,1
CCTAGTT,1
CCTATCA,1
CCTATCG,1
CCTCACC,1
CCTCACG,1
CCTCAGC,1
CCTCAGG,1
CCTCAGT,2
CCTCATC,1
CCTCATG,1
CCTCCCA,3
CCTCCCC,5
CCTCCCG,3
CCTCCGA,1
CCTCCGC,1
CCTCCGG,3
CCTCCTC,5
CCTCCTT,1
CCTCGAG,3
CCTCGCC,5
CCTCGCG,1
CCTCGGC,2
CCTCGGG,4
CCTCGGT,2
CCTCTAA,3
CCTCTAG,1
CCTCTAT,1
CCTCTCT,4
CCTCTGC,1
CCTCTGT,1
CCTCTTC,1
CCTCTTT,5
CCTGACA,1
CCTGACC,2
CCTGACT,3
CCTGAGC,2
CCTGATC,3
CCTGCAA,1
CCTGCCC,5
CCTGCGA,1
CCTGCGC,1
CCTGGAG,1
CCTGGAT,1
CCTGGCC,8
CCTGGGT,1
CCTGTAG,1
CCTGTCA,1
CCTGTCC,1
CCTGTGC,2
CCTGTGT,4
CCTTACC,1
CCTTACG,1
CCTTATC,1
CCTTCAG,1
CCTTCCC,1
CCTTCCG,1
CCTTCTG,1
CCTTCTT,1
CCTTGGG,1
CCTTTCC,1
CCTTTGC,1
CCTTTTA,1
CCTTTTT,1
CGAAAAG,1
CGAACGA,1
CGAACGG,1
CGAACTA,5
CGAATAG,1
CGACAAT,1
CGACCAA,1
CGACCCC,1
CGACGCC,1
CGACGGA,2
CGACGGT,2
CGAGAGT,1
CGAGATC,3
CGAGCAG,1
CGAGCCC,1
CGAGCCG,3
CGAGCCT,1
CGAGCGA,2
CGAGCGC,5
CGAGCTG,2
CGAGGCC,1
CGAGGCG,3
CGAGGGC,4
CGAGGTA,1
CGAGGTT,1
CGAGTAG,4
CGAGTCT,3
CGAGTGC,1
CGAGTGT,1
CGATCTG,1
CGATTGG,1
CGCACAG,1
CGCACCT,1
CGCAGAC,1
CGCAGCA,1
CGCAGGA,1
CGCAGGC,1
CGCAGTT,1
CGCATCT,2
CGCCACC,1
CGCCAGA,1
CGCCAGG,1
CGCCATG,3
CGCCATT,1
CGCCCAG,1
CGCCCAT,1
CGCCCCA,5
CGCCCCC,5
CGCCCCG,7
CGCCCGC,4
CGCCCTC,2
CGCCCTG,1
CGCCCTT,1
CGCCGAC,1
CGCCGAG,3
CGCCGCC,2
CGCCGCG,1
CGCCGGC,1
CGCCGGG,2
CGCCGTC,1
CGCCTCA,2
CGCCTCC,6
CGCCTCG,5
CGCCTCT,1
CGCCTGG,1
CGCCTTC,1
CGCGAGG,1
CGCGATC,1
CGCGCCA,1
CGCGCCC,1
CGCGCCG,1
CGCGCCT,1
CGCGCGC,1
CGCGCGG,2
CGCGCTC,1
CGCGGCC,6
CGCGGGA,3
CGCGGGC,1
CGCGGGT,1
CGCGGTG,1
CGCGTCA,2
CGCGTTA,1
CGCTCAC,1
CGCTCCC,2
CGCTCCG,1
CGCTCTA,1
CGCTCTT,2
CGCTGAG,1
CGCTGCG,1
CGCTGGA,2
CGCTGGT,5
CGCTTCC,3
CGGAAGA,1
CGGAATT,1
CGGACAC,2
CGGACGC,2
CGGACTC,1
CGGAGCC,3
CGGAGCG,1
CGGAGCT,6
CGGAGGC,3
CGGAGGT,1
CGGCACG,2
CGGCAGC,2
CGGCCAA,2
CGGCCCC,6
CGGCCCG,5
CGGCCGC,3
CGGCCGG,6
CGGCCGT,1
CGGCCTC,1
CGGCCTG,1
CGGCGAA,5
CGGCGAC,2
CGGCGAG,1
CGGCGCC,1
CGGCGCG,2
CGGCGCT,1
CGGCGGA,1
CGGCGGC,12
CGGCGGG,5
CGGCGGT,2
CGGCTTC,1
CGGGAAA,1
CGGGAAG,7
CGGGACT,1
CGGGAGC,1
CGGGAGG,2
CGGGATT,1
CGGGCAC,1
CGGGCCA,2
CGGGCCC,3
CGGGCCG,2
CGGGCCT,2
CGGGCGC,3
CGGGCGG,2
CGGGCTT,4
CGGGGCG,2
CGGGGCT,1
CGGGTCA,2
CGGGTCG,1
CGGGTGC,1
CGGTAAA,1
CGGTCCC,1
CGGTCTC,1
CGGTCTG,1
CGGTGGA,1
CGGTGGC,8
CGGTGTA,5
CGGTTGG,7
CGGTTTT,1
CGTACGG,2
CGTAGCC,1
CGTCACC,3
CGTCACG,6
CGTCAGA,1
CGTCCCC,1
CGTCCCG,1
CGTCCTC,1
CGTGAAA,1
CGTGACT,4
CGTGCCC,1
CGTGCTT,2
CGTGGGC,1
CGTGGTC,1
CGTGTGG,1
CGTGTGT,1
CGTTACC,1
CGTTGGT,1
CGTTTTT,1
CTAAACG,1
CTAACCA,2
CTAACTG,5
CTAAGAC,3
CTAAGCA,3
CTAAGGC,1
CTAAGGT,2
CTACCAG,1
CTACCTC,1
CTACGAA,1
CTACTCA,1
CTAGACA,1
CTAGCAA,1
CTAGGAA,1
CTAGGCC,1
CTAGGGG,1
CTAGTGA,1
CTAGTTC,1
CTATCAA,1
CTATCCT,1
CTATCGG,1
CTATGAT,3
CTCAAAA,1
CTCAATT,1
CTCACCC,1
CTCACCG,1
CTCACGT,1
CTCACTG,1
CTCAGAG,1
CTCAGCG,1
CTCAGGA,2
CTCAGTC,2
CTCAGTG,1
CTCATCA,1
CTCATGT,1
CTCCAAC,1
CTCCAAG,2
CTCCACC,1
CTCCAGA,3
CTCCAGG,2
CTCCCAA,1
CTCCCAC,5
CTCCCCA,7
CTCCCCT,4
CTCCCGA,1
CTCCCGC,2
CTCCCGG,5
CTCCCTA,1
CTCCCTC,3
CTCCGAT,1
CTCCGCG,2
CTCCGGA,3
CTCCGGG,1
CTCCTCC,1
CTCCTCT,4
CTCCTTC,3
CTCGAGC,1
CTCGAGT,3
CTCGCAG,1
CTCGCCC,4
CTCGCCT,1
CTCGCGC,1
CTCGGAA,1
CTCGGCC,2
CTCGGCG,1
CTCGGGC,4
CTCGGTC,2
CTCGGTT,1
CTCTAAG,4
CTCTAGA,1
CTCTATC,1
CTCTCAA,1
CTCTCCA,1
CTCTCGG,2
CTCTCTC,2
CTCTCTG,2
CTCTGCC,1
CTCTGCG,1
CTCTGGA,5
CTCTGGC,1
CTCTGTG,1
CTCTTCC,2
CTCTTGC,2
CTCTTTC,5
CTGAAAC,1
CTGAACG,1
CTGACAA,1
CTGACCC,1
CTGACCT,1
CTGACGC,1
CTGACTC,3
CTGAGAG,1
CTGAGAT,1
CTGAGCA,3
CTGAGCG,1
CTGAGGC,1
CTGATCC,3
CTGCAAA,1
CTGCACT,1
CTGCAGC,5
CTGCAGT,1
CTGCATT,1
CTGCCAT,1
CTGCCCC,3
CTGCCCG,3
CTGCCTA,1
CTGCCTG,3
CTGCCTT,1
CTGCGAC,1
CTGCGAG,1
CTGCGCC,2
CTGCGCT,1
CTGCTGA,1
CTGGAAA,4
CTGGAAC,1
CTGGAAG,1
CTGGACC,1
CTGGACG,1
CTGGAGA,2
CTGGAGC,6
CTGGATT,2
CTGGCAG,2
CTGGCCC,3
CTGGCCG,1
CTGGCCT,6
CTGGCTC,1
CTGGCTG,3
CTGGGGC,1
CTGGGTA,1
CTGGGTG,1
CTGGTAC,1
CTGGTCC,1
CTGGTGT,5
CTGTAGT,1
CTGTCAG,1
CTGTCCC,1
CTGTCCT,1
CTGTGAT,1
CTGTGCC,2
CTGTGTC,3
CTGTGTG,1
CTGTGTT,1
CTGTTAT,1
CTGTTGC,1
CTGTTTG,1
CTTAAGG,1
CTTACCC,1
CTTACGA,1
CTTACGC,1
CTTATCC,1
CTTCAAA,1
CTTCAAG,1
CTTCAGC,1
CTTCAGG,1
CTTCCAA,1
CTTCCAC,1
CTTCCAG,1
CTTCCCC,2
CTTCCCT,2
CTTCCGC,1
CTTCCGG,3
CTTCCTC,1
CTTCGCC,1
CTTCGCT,2
CTTCTCA,1
CTTCTGT,1
CTTCTTC,2
CTTGCGT,2
CTTGCTA,1
CTTGGGC,1
CTTGGGT,1
CTTGGTG,1
CTTGTCC,4
CTTTAGC,1
CTTTCAA,1
CTTTCCC,11
CTTTGCA,1
CTTTTAA,1
CTTTTCA,1
CTTTTCG,2
CTTTTTT,1
GAAAACA,1
GAAAAGA,1
GAAAAGT,1
GAAAATC,2
GAAAATT,1
GAAACCA,1
GAAACCC,1
GAAAGAA,1
GAAAGGA,4
GAAAGTA,1
GAAAGTC,1
GAACAAA,3
GAACAGC,1
GAACCAG,1
GAACGAG,1
GAACGGC,2
GAACTAA,5
GAACTCC,2
GAACTGG,1
GAACTTC,1
GAACTTG,1
GAAGAAA,1
GAAGAAT,1
GAAGACA,1
GAAGAGA,5
GAAGAGC,4
GAAGAGG,1
GAAGCAG,1
GAAGCGG,2
GAAGCTC,5
GAAGGCC,1
GAAGGGG,1
GAAGTCA,1
GAAGTGC,1
GAAGTGG,1
GAATAAG,1
GAATAGG,2
GAATCAT,1
GAATCCA,1
GAATCCC,1
GAATCCT,1
GAATGAA,1
GAATGCT,1
GAATGGG,1
GAATTCA,1
GAATTGG,2
GACAAAA,1
GACAAGT,1
GACAATT,1
GACACAC,2
GACACCA,1
GACAGAG,1
GACAGCC,1
GACATGG,1
GACCAAA,2
GACCAGA,1
GACCAGG,2
GACCCCA,1
GACCCCG,1
GACCCGC,2
GACCCGG,1
GACCCTG,1
GACCCTT,1
GACCGCT,1
GACCTCA,1
GACCTCG,1
GACCTCT,1
GACCTGG,1
GACGAAA,1
GACGCAC,1
GACGCAT,2
GACGCCT,3
GACGCTC,2
GACGCTG,1
GACGGAA,1
GACGGAC,1
GACGGAG,2
GACGGGA,5
GACGGTG,2
GACGTTG,1
GACTCAA,1
GACTCAC,1
GACTCCA,2
GACTCCC,7
GACTCCG,1
GACTCGC,1
GACTGCC,1
GACTGCT,1
GACTGGT,1
GAGAAAG,1
GAGAAAT,4
GAGAACC,1
GAGAATA,2
GAGACGC,2
GAGACTC,1
GAGAGAA,1
GAGAGAC,1
GAGAGCA,1
GAGAGGA,1
GAGAGGG,2
GAGAGTA,1
GAGAGTG,1
GAGAGTT,1
GAGATAA,1
GAGATAG,1
GAGATCA,1
GAGATCC,3
GAGATGA,3
GAGCAAC,1
GAGCAAG,1
GAGCACC,2
GAGCACG,5
GAGCAGA,2
GAGCAGC,1
GAGCAGG,2
GAGCCCA,1
GAGCCCC,2
GAGCCGA,2
GAGCCGC,1
GAGCCGG,1
GAGCCTC,1
GAGCCTG,7
GAGCGAA,1
GAGCGAG,3
GAGCGCG,2
GAGCGCT,5
GAGCGTG,2
GAGCTCG,1
GAGCTGC,5
GAGCTGG,4
GAGCTGT,1
GAGGAAG,1
GAGGATG,2
GAGGCAG,1
GAGGCCA,1
GAGGCCG,1
GAGGCGA,3
GAGGCTC,1
GAGGCTG,2
GAGGCTT,1
GAGGGAA,1
GAGGGAC,1
GAGGGAG,3
GAGGGCA,1
GAGGGCC,3
GAGGGCG,1
GAGGTCG,1
GAGGTTA,1
GAGTAGC,4
GAGTATC,1
GAGTCGC,1
GAGTCTC,3
GAGTGAC,1
GAGTGCC,1
GAGTGCG,1
GAGTGTC,1
GAGTGTG,1
GAGTTAA,1
GAGTTGG,1
GATAAGG,1
GATAAGT,1
GATAGAC,1
GATAGCA,1
GATAGCT,1
GATATGT,1
GATCAAA,1
GATCAAT,1
GATCACC,1
GATCAGC,3
GATCCAG,3
GATCCCG,3
GATCCTG,1
GATCTAT,3
GATCTCC,1
GATCTGG,1
GATGAAC,3
GATGAAT,1
GATGGCT,1
GATTAAA,1
GATTATT,1
GATTCCT,1
GATTCGC,1
GATTCTA,1
GATTCTC,1
GATTCTT,1
GATTGGT,1
GCAAACC,1
GCAAATC,1
GCAACAG,1
GCAACGC,1
GCAACTG,1
GCAAGAC,1
GCAAGAG,1
GCACACA,1
GCACAGA,2
GCACAGC,1
GCACCAC,1
GCACCAG,1
GCACCTA,2
GCACCTC,1
GCACGAC,2
GCACGCC,1
GCACGGA,5
GCACTTC,1
GCACTTT,1
GCAGAAG,1
GCAGACC,2
GCAGACG,1
GCAGAGC,2
GCAGATC,1
GCAGCAA,2
GCAGCAC,1
GCAGCCA,1
GCAGCCG,6
GCAGCGA,1
GCAGCGC,2
GCAGCGG,2
GCAGGAC,1
GCAGGAG,4
GCAGGCG,1
GCAGGGC,1
GCAGGGG,1
GCAGGTG,1
GCAGTGA,1
GCAGTTC,1
GCAGTTG,1
GCATACA,1
GCATCCA,1
GCATCCT,1
GCATCTC,2
GCATTCA,1
GCCAACT,4
GCCAAGA,1
GCCAAGC,1
GCCAAGG,1
GCCACAG,1
GCCACCA,2
GCCACGC,1
GCCACTG,2
GCCAGAG,1
GCCAGCT,1
GCCAGGC,1
GCCAGGT,1
GCCAGTC,2
GCCATTT,1
GCCCACC,1
GCCCAGG,8
GCCCATC,1
GCCCATT,1
GCCCCAA,1
GCCCCAG,4
GCCCCCA,2
GCCCCCG,11
GCCCCGC,8
GCCCCGG,3
GCCCCGT,1
GCCCCTC,1
GCCCCTG,1
GCCCGAC,1
GCCCGCA,1
GCCCGCC,2
GCCCGCG,2
GCCCGCT,3
GCCCGGA,1
GCCCGGC,6
GCCCGGG,1
GCCCTCA,1
GCCCTCT,1
GCCCTGC,1
GCCCTGT,1
GCCCTTT,1
GCCGACC,1
GCCGAGA,3
GCCGAGC,3
GCCGCCC,2
GCCGCCG,2
GCCGCCT,3
GCCGCGA,1
GCCGCGC,3
GCCGCGG,2
GCCGGAG,1
GCCGGCA,2
GCCGGCC,1
GCCGGCG,4
GCCGGGA,1
GCCGGGC,5
GCCGGGT,1
GCCGGTG,5
GCCGGTT,5
GCCGTCC,1
GCCGTGC,2
GCCTAAA,1
GCCTATC,1
GCCTCAG,2
GCCTCAT,1
GCCTCCC,3
GCCTCCG,4
GCCTCCT,1
GCCTCGC,6
GCCTCGG,3
GCCTCTT,1
GCCTGAC,4
GCCTGAT,3
GCCTGCC,5
GCCTGGC,4
GCCTGGG,1
GCCTGTC,1
GCCTGTG,5
GCCTTAT,1
GCCTTCA,1
GCCTTGG,1
GCCTTTG,1
GCGAACG,1
GCGAACT,5
GCGACAA,1
GCGACGG,2
GCGAGAG,1
GCGAGCG,7
GCGAGCT,1
GCGAGGC,4
GCGAGGG,3
GCGAGGT,1
GCGAGTA,4
GCGAGTG,2
GCGATCT,1
GCGCACA,1
GCGCCAC,1
GCGCCAG,1
GCGCCAT,3
GCGCCCA,1
GCGCCCC,1
GCGCCGA,1
GCGCCGG,2
GCGCCGT,1
GCGCCTC,3
GCGCGCG,1
GCGCGGC,3
GCGCGGG,3
GCGCTCC,1
GCGCTGA,1
GCGCTGC,1
GCGCTGG,5
GCGGAGG,2
GCGGCAG,2
GCGGCCA,1
GCGGCCC,2
GCGGCCG,5
GCGGCCT,1
GCGGCGA,2
GCGGCGC,1
GCGGCGG,15
GCGGGAA,2
GCGGGAC,1
GCGGGAG,2
GCGGGCC,1
GCGGGCG,2
GCGGGGC,2
GCGGGTG,1
GCGGTCT,1
GCGGTGG,7
GCGGTTG,2
GCGTCAC,8
GCGTCCC,1
GCGTGGG,1
GCGTGGT,1
GCGTGTG,2
GCGTTAC,1
GCTACCA,1
GCTACTC,1
GCTAGTG,1
GCTCACC,1
GCTCAGA,1
GCTCCCA,1
GCTCCCC,2
GCTCCCG,5
GCTCCGG,1
GCTCCTT,1
GCTCGAG,1
GCTCGGT,1
GCTCTAA,1
GCTCTCG,1
GCTCTGG,4
GCTCTTC,1
GCTCTTG,2
GCTGAAA,1
GCTGAGA,2
GCTGAGC,1
GCTGAGG,1
GCTGCAG,6
GCTGCAT,1
GCTGCCA,1
GCTGCCT,4
GCTGCGC,1
GCTGGAA,1
GCTGGAC,1
GCTGGAG,2
GCTGGAT,1
GCTGGCA,2
GCTGGCC,1
GCTGGCT,1
GCTGGGG,1
GCTGGGT,1
GCTGGTC,1
GCTGGTG,5
GCTGTGA,1
GCTTAAG,1
GCTTACG,1
GCTTCAA,1
GCTTCCG,3
GCTTCCT,1
GCTTCGC,1
GCTTCTC,1
GCTTGCT,1
GCTTGTC,4
GCTTTAG,1
GCTTTTC,2
GGAAAAC,1
GGAAAAT,1
GGAAAGA,1
GGAAAGG,4
GGAACAG,1
GGAACTT,1
GGAAGAA,1
GGAAGAG,10
GGAAGCG,2
GGAAGCT,5
GGAATCA,1
GGAATGC,1
GGAATGG,1
GGAATTC,1
GGAATTG,1
GGACACA,2
GGACACC,1
GGACCAG,1
GGACCCC,1
GGACCCG,2
GGACCCT,1
GGACCTC,1
GGACGCA,4
GGACGCC,1
GGACGCT,1
GGACGGA,1
GGACGGG,5
GGACTCA,1
GGACTCG,1
GGACTGC,1
GGAGAAA,1
GGAGACG,1
GGAGACT,1
GGAGAGA,1
GGAGAGT,1
GGAGATA,1
GGAGATG,3
GGAGCAC,5
GGAGCAG,1
GGAGCCC,2
GGAGCCT,1
GGAGCGA,2
GGAGCGC,1
GGAGCGT,1
GGAGCTC,1
GGAGCTG,7
GGAGGCA,1
GGAGGCC,1
GGAGGCT,3
GGAGGGA,2
GGAGGTC,1
GGAGTCG,1
GGAGTGA,1
GGAGTGT,1
GGAGTTG,1
GGATATG,1
GGATGGC,1
GGATTAA,1
GGATTCG,1
GGATTCT,2
GGCAAAT,1
GGCACAC,1
GGCACAG,2
GGCACGA,2
GGCAGAG,1
GGCAGAT,1
GGCAGCA,1
GGCAGCC,1
GGCAGCG,4
GGCAGGG,1
GGCATCC,1
GGCCAAG,3
GGCCACC,1
GGCCACG,1
GGCCACT,1
GGCCATG,2
GGCCCAG,6
GGCCCAT,1
GGCCCCC,4
GGCCCCG,4
GGCCCGA,1
GGCCCGG,8
GGCCGAG,1
GGCCGCC,5
GGCCGCG,2
GGCCGGA,1
GGCCGGC,5
GGCCGGG,4
GGCCGGT,5
GGCCGTG,1
GGCCTCC,1
GGCCTCG,4
GGCCTGA,4
GGCCTGC,2
GGCCTGT,5
GGCCTTG,1
GGCGAAC,5
GGCGACG,2
GGCGAGC,5
GGCGAGG,5
GGCGAGT,6
GGCGCCA,1
GGCGCCG,3
GGCGCGG,2
GGCGCTG,1
GGCGGAG,2
GGCGGCA,2
GGCGGCC,3
GGCGGCG,16
GGCGGGA,2
GGCGGGC,2
GGCGGGG,2
GGCGGTC,1
GGCGGTG,6
GGCGTGG,1
GGCGTGT,1
GGCTACC,1
GGCTCAG,1
GGCTCCC,1
GGCTCCT,1
GGCTCGA,1
GGCTCTC,1
GGCTCTT,1
GGCTGAA,1
GGCTGAG,1
GGCTGCA,1
GGCTGCC,1
GGCTGGA,1
GGCTGGC,1
GGCTGGG,1
GGCTGGT,1
GGCTTAC,1
GGCTTCC,1
GGCTTCG,1
GGCTTCT,1
GGCTTGT,4
GGGAAAA,2
GGGAACT,1
GGGAAGC,7
GGGAATG,1
GGGACAC,1
GGGACCA,1
GGGACCC,1
GGGACGG,1
GGGACTC,1
GGGAGCG,2
GGGAGCT,1
GGGAGGC,1
GGGAGGG,2
GGGAGTG,2
GGGATTA,1
GGGCAAA,1
GGGCACA,2
GGGCAGA,1
GGGCCAA,1
GGGCCAC,1
GGGCCAT,1
GGGCCCA,1
GGGCCCC,2
GGGCCCG,2
GGGCCGA,1
GGGCCGC,1
GGGCCGG,7
GGGCCTC,2
GGGCCTG,3
GGGCGCC,3
GGGCGGA,1
GGGCGGC,4
GGGCGGG,1
GGGCTAC,1
GGGCTCC,1
GGGCTCT,1
GGGCTGC,1
GGGCTGG,1
GGGCTTC,1
GGGCTTG,4
GGGGACC,1
GGGGCAC,1
GGGGCCC,1
GGGGCGG,3
GGGGCTC,1
GGGGCTG,1
GGGTATG,1
GGGTCAA,1
GGGTCAG,2
GGGTCGG,1
GGGTGAC,1
GGGTGCG,1
GGGTGGA,1
GGGTTAA,1
GGGTTTG,1
GGTAAAC,1
GGTACAT,1
GGTATGA,1
GGTCAAT,1
GGTCACT,1
GGTCAGT,2
GGTCCAT,1
GGTCCCC,1
GGTCCCG,1
GGTCGGA,1
GGTCGGG,1
GGTCTCC,1
GGTCTGG,1
GGTCTGT,1
GGTGACA,1
GGTGCGA,1
GGTGCTT,1
GGTGGAC,1
GGTGGAG,3
GGTGGCA,2
GGTGGCG,6
GGTGTAC,5
GGTGTAG,1
GGTGTGG,5
GGTTAAA,1
GGTTACA,2
GGTTCCA,1
GGTTCTA,1
GGTTGGC,2
GGTTGGG,5
GGTTTGA,1
GGTTTTC,1
GTAAACA,1
GTAAACG,1
GTAAGAA,1
GTAAGGC,1
GTACATT,1
GTACGGC,2
GTACTTT,5
GTAGAAA,1
GTAGCCA,4
GTAGCCC,1
GTAGGAA,1
GTAGTCC,1
GTATATG,1
GTATCGC,1
GTATGAG,1
GTATTTA,1
GTCAATT,1
GTCACCG,3
GTCACGG,2
GTCACGT,4
GTCACTT,1
GTCAGAC,1
GTCAGAT,1
GTCAGCC,1
GTCAGGA,1
GTCAGTC,2
GTCATTC,1
GTCCATG,1
GTCCCAG,1
GTCCCCA,4
GTCCCCT,5
GTCCCGA,1
GTCCCGC,1
GTCCGCT,2
GTCCGTG,1
GTCCTCC,1
GTCCTCT,3
GTCCTGA,2
GTCCTGG,4
GTCCTTA,1
GTCCTTC,1
GTCGCTC,1
GTCGGAG,1
GTCGGGC,1
GTCTCCA,3
GTCTCCC,1
GTCTGGC,1
GTCTGTC,1
GTCTTCG,2
GTCTTCT,1
GTGAAAA,1
GTGAATG,1
GTGACAG,1
GTGACGT,1
GTGACTC,5
GTGAGCT,1
GTGAGGG,2
GTGATAG,1
GTGCCAC,1
GTGCCCC,1
GTGCCGC,1
GTGCCGT,1
GTGCCTT,1
GTGCGAG,1
GTGCGTC,1
GTGCTTA,1
GTGCTTG,1
GTGCTTT,3
GTGGAAA,1
GTGGACG,5
GTGGACT,1
GTGGAGA,1
GTGGAGC,2
GTGGCAG,2
GTGGCGG,7
GTGGGCT,1
GTGGGTT,1
GTGGTCC,1
GTGGTTC,1
GTGTACT,5
GTGTAGG,1
GTGTCAG,1
GTGTCCT,3
GTGTGAG,1
GTGTGCA,1
GTGTGGA,6
GTGTGGC,1
GTGTGTG,1
GTGTTTA,1
GTGTTTG,1
GTTAAAG,2
GTTACAA,1
GTTACAG,1
GTTACCG,1
GTTATAC,1
GTTCATT,1
GTTCCAG,1
GTTCCGA,1
GTTCGGG,1
GTTCTAC,1
GTTGACT,1
GTTGCTA,1
GTTGGAG,1
GTTGGCG,2
GTTGGGC,5
GTTGGTC,1
GTTGTCC,1
GTTTAGC,1
GTTTGAA,1
GTTTGAC,1
GTTTGAG,1
GTTTTCG,1
GTTTTTT,1
TAAAAAT,1
TAAAAGG,1
TAAAAGT,1
TAAACAA,1
TAAACGC,1
TAAACGG,1
TAAAGAA,1
TAAAGAG,1
TAACCAT,2
TAACGGG,1
TAACTGG,5
TAAGAAG,1
TAAGACT,2
TAAGCAG,3
TAAGCCT,1
TAAGCGT,4
TAAGGCA,1
TAAGGCT,3
TAAGGTC,1
TAAGGTT,1
TAAGTAA,1
TAATTCT,1
TACAAAG,1
TACAAAT,1
TACAAGG,1
TACAGAA,2
TACAGAC,1
TACATTC,1
TACCAGA,1
TACCCTC,1
TACCGTC,1
TACCTCA,1
TACGAAT,1
TACGAGG,1
TACGCAG,1
TACGGCC,2
TACGTCA,1
TACTCAG,1
TACTTTC,5
TAGAAAG,1
TAGACAT,1
TAGACCA,1
TAGCAAC,1
TAGCACC,1
TAGCATC,1
TAGCCAA,4
TAGCCCT,1
TAGCTGC,1
TAGCTTC,1
TAGGAAT,2
TAGGCCT,1
TAGGGAC,1
TAGGGGC,1
TAGGGTT,1
TAGTCCC,1
TAGTGAG,1
TAGTTCG,1
TATACAA,1
TATATGT,1
TATCAAT,1
TATCATT,1
TATCCCT,1
TATCCTA,1
TATCGAG,1
TATCGCT,1
TATCGGC,1
TATGAGA,1
TATGATC,4
TATGGAG,1
TATGTAT,1
TATGTGA,1
TATGTGG,1
TATTGCA,2
TATTTAT,2
TATTTTG,1
TCAAAAA,2
TCAAAGG,1
TCAAATC,1
TCAAATG,1
TCAAATT,1
TCAAGAA,2
TCAAGAT,1
TCAATAT,2
TCAATTC,1
TCAATTG,1
TCACATT,1
TCACCCA,1
TCACCGA,1
TCACCGC,3
TCACCTA,1
TCACCTC,1
TCACGGC,2
TCACGTC,1
TCACGTG,4
TCACTGA,1
TCACTTC,2
TCAGACC,1
TCAGAGA,1
TCAGATT,1
TCAGCCA,2
TCAGCCT,1
TCAGCGC,1
TCAGCTG,3
TCAGGAA,1
TCAGGAC,2
TCAGGAG,1
TCAGTAA,1
TCAGTCC,2
TCAGTCT,2
TCAGTGT,1
TCATATC,1
TCATCAA,1
TCATGTC,1
TCATTAA,1
TCATTCA,2
TCATTTG,1
TCCAACG,1
TCCAAGG,2
TCCAATC,1
TCCACAA,1
TCCACCC,1
TCCACGT,1
TCCAGAG,3
TCCAGAT,4
TCCAGGC,2
TCCAGGG,1
TCCATGA,1
TCCATGC,1
TCCATTC,1
TCCCAAG,1
TCCCACC,3
TCCCACG,2
TCCCAGC,1
TCCCCAC,2
TCCCCAG,8
TCCCCAT,1
TCCCCGC,1
TCCCCGT,1
TCCCCTC,13
TCCCCTG,2
TCCCGAA,1
TCCCGAG,1
TCCCGCA,1
TCCCGCC,5
TCCCGGC,5
TCCCGGT,5
TCCCTAA,1
TCCCTAT,1
TCCCTCG,3
TCCCTCT,2
TCCCTTT,1
TCCGAGG,1
TCCGATT,1
TCCGCCA,1
TCCGCGC,2
TCCGCGG,1
TCCGCTT,2
TCCGGAC,2
TCCGGAG,1
TCCGGGC,3
TCCGGGG,1
TCCGTGA,1
TCCTAGC,1
TCCTAGG,1
TCCTCCC,2
TCCTCCT,1
TCCTCTA,3
TCCTCTC,1
TCCTCTT,5
TCCTGAC,1
TCCTGAG,2
TCCTGGA,2
TCCTGGC,3
TCCTTAC,1
TCCTTCC,2
TCCTTCT,2
TCCTTTT,1
TCGAGCC,2
TCGAGTC,3
TCGCAGG,1
TCGCCCC,4
TCGCCCT,1
TCGCCTC,2
TCGCCTT,1
TCGCGCC,1
TCGCTCC,2
TCGCTCT,2
TCGCTTC,1
TCGGAAT,1
TCGGAGC,1
TCGGCCG,2
TCGGCGG,1
TCGGCTT,1
TCGGGCC,1
TCGGGCG,1
TCGGGCT,4
TCGGTAA,1
TCGGTCC,1
TCGGTCT,1
TCGGTTT,1
TCTAAGC,3
TCTAAGG,2
TCTACGA,1
TCTAGAC,1
TCTAGGC,1
TCTATCC,1
TCTATGA,3
TCTCAAA,1
TCTCAGT,1
TCTCCAA,3
TCTCCAC,1
TCTCCAG,3
TCTCCCT,1
TCTCCTT,1
TCTCGGA,1
TCTCGGC,1
TCTCTCA,1
TCTCTCC,1
TCTCTCG,1
TCTCTGC,1
TCTCTGG,2
TCTGAAC,1
TCTGACG,1
TCTGCCC,1
TCTGCGA,1
TCTGCGC,1
TCTGGAA,4
TCTGGAC,1
TCTGGCT,3
TCTGTCC,1
TCTGTGT,1
TCTGTTT,1
TCTTCCA,2
TCTTCCC,2
TCTTCGC,2
TCTTCTT,1
TCTTGCG,2
TCTTGGG,1
TCTTTCA,1
TCTTTCC,5
TGAAAAT,2
TGAAACC,1
TGAACAA,3
TGAACGG,1
TGAACTT,1
TGAAGAA,1
TGAAGTG,1
TGAATCC,1
TGAATGA,1
TGACAAA,1
TGACAGA,1
TGACCAA,1
TGACCCG,1
TGACCTC,1
TGACGAA,1
TGACGCT,1
TGACGTT,1
TGACTCA,1
TGACTCC,7
TGACTGC,1
TGAGAGA,1
TGAGAGC,1
TGAGAGG,1
TGAGATA,1
TGAGCAC,2
TGAGCAG,1
TGAGCGT,1
TGAGCTG,1
TGAGGCT,1
TGAGGGA,1
TGAGGGC,1
TGATAGC,1
TGATCAA,1
TGATCAG,3
TGATCCC,3
TGATGAA,1
TGCAAAC,1
TGCACTT,2
TGCAGCC,5
TGCAGGA,1
TGCAGTG,1
TGCAGTT,1
TGCATAC,1
TGCATTC,1
TGCCACT,1
TGCCATG,1
TGCCCCC,2
TGCCCCT,2
TGCCCGC,3
TGCCGCG,2
TGCCGTG,1
TGCCTAT,1
TGCCTGG,3
TGCCTTA,1
TGCCTTT,1
TGCGACA,1
TGCGAGC,1
TGCGAGG,1
TGCGCCC,1
TGCGCCT,1
TGCGCTG,1
TGCGTCA,2
TGCGTCC,1
TGCTAGA,1
TGCTAGT,1
TGCTGAG,1
TGCTGGA,1
TGCTGGG,1
TGCTTAA,1
TGCTTGC,1
TGCTTTA,1
TGCTTTT,2
TGGAAAG,5
TGGAACA,1
TGGAAGA,1
TGGACCT,1
TGGACGC,1
TGGACGG,5
TGGACTG,1
TGGAGAA,1
TGGAGAC,2
TGGAGAG,2
TGGAGCA,6
TGGAGCG,1
TGGAGCT,1
TGGATAT,1
TGGATTC,2
TGGCAGC,3
TGGCAGG,1
TGGCCCA,1
TGGCCCG,2
TGGCCGG,1
TGGCCTC,1
TGGCCTG,6
TGGCGAG,4
TGGCGGC,5
TGGCGGT,5
TGGCGTG,1
TGGCTCG,1
TGGCTCT,1
TGGCTGA,1
TGGCTGG,2
TGGGAGC,1
TGGGCAA,1
TGGGCCG,5
TGGGCTT,1
TGGGGCT,1
TGGGTAT,1
TGGGTGA,1
TGGGTGG,1
TGGGTTT,1
TGGTACA,1
TGGTCCA,1
TGGTCCC,1
TGGTCTG,1
TGGTGCT,1
TGGTGGA,1
TGGTGTG,5
TGGTTCC,1
TGTAAGA,1
TGTACTT,5
TGTAGAA,1
TGTAGGA,1
TGTAGTC,1
TGTATAT,1
TGTCAGA,1
TGTCAGG,1
TGTCCCC,5
TGTCCGT,1
TGTCCTC,3
TGTCCTG,3
TGTCCTT,2
TGTGAAT,1
TGTGAGG,1
TGTGATA,1
TGTGCCA,1
TGTGCCG,1
TGTGCCT,1
TGTGGAA,1
TGTGGAC,5
TGTGGCG,1
TGTGGGT,1
TGTGTCC,3
TGTGTGA,1
TGTGTGG,1
TGTGTTT,1
TGTTATA,1
TGTTGCT,1
TGTTTAG,1
TGTTTGA,2
TTAAAAG,1
TTAAAGA,2
TTAACGG,1
TTAAGCG,4
TTAAGGC,1
TTAATTC,1
TTACAAA,1
TTACAGA,3
TTACCCT,1
TTACCGT,1
TTACGAG,1
TTACGCA,1
TTACGTC,1
TTAGCAT,1
TTAGCTG,1
TTATACA,1
TTATCAT,1
TTATCCC,1
TTATGAT,1
TTATGTG,1
TTATTGC,1
TTATTTA,1
TTATTTT,1
TTCAAAA,1
TTCAAAG,1
TTCAAAT,2
TTCAAGA,2
TTCACAT,1
TTCACTT,1
TTCAGCC,1
TTCAGGA,1
TTCATAT,1
TTCATTC,1
TTCCAAT,1
TTCCACA,1
TTCCAGA,1
TTCCAGG,1
TTCCATG,1
TTCCCCG,2
TTCCCCT,6
TTCCCGG,5
TTCCCTC,1
TTCCCTT,1
TTCCGAG,1
TTCCGCC,1
TTCCGCG,1
TTCCGGG,3
TTCCTCC,1
TTCCTCT,1
TTCGCCC,1
TTCGCCT,2
TTCGCTC,3
TTCGGGC,1
TTCGGTA,1
TTCTACG,1
TTCTAGG,1
TTCTCAG,1
TTCTCTC,1
TTCTGAA,1
TTCTGTT,1
TTCTTCC,2
TTCTTGG,1
TTCTTTC,1
TTGAACT,1
TTGACCA,1
TTGACGA,1
TTGACTG,1
TTGAGAG,1
TTGATGA,1
TTGCACT,1
TTGCAGG,1
TTGCATA,1
TTGCCGC,1
TTGCGTC,2
TTGCTAG,2
TTGGAGA,1
TTGGATA,1
TTGGCGG,3
TTGGCGT,1
TTGGGCA,1
TTGGGCC,5
TTGGGTA,1
TTGGGTG,1
TTGGTCT,1
TTGGTGC,1
TTGGTGG,1
TTGTAGA,1
TTGTCCC,4
TTGTCCG,1
TTGTGCC,1
TTTAATT,1
TTTAGCA,1
TTTAGCT,1
TTTATCA,1
TTTATTG,1
TTTATTT,1
TTTCAAA,1
TTTCACA,1
TTTCACT,1
TTTCCAT,1
TTTCCCC,6
TTTCCCG,5
TTTCGCC,2
TTTCGGT,1
TTTGAAC,1
TTTGACC,1
TTTGAGA,1
TTTGATG,1
TTTGCAT,1
TTTGGAT,1
TTTGGCG,1
TTTGTAG,1
TTTTAAT,1
TTTTATT,1
TTTTCAC,2
TTTTCGC,2
TTTTCGG,1
TTTTGAT,1
TTTTGGC,1
TTTTTAT,1
TTTTTCA,1
TTTTTGG,1
TTTTTTC,1
TTTTTTG,1
